{
  "f1_score": 0.20554885404101328,
  "recall_score": 0.505338078291815,
  "precision_score": 0.12901271956390067,
  "accuracy_score": 0.5684707115712226
}